Field,Subfield
Life Sciences,Biology
Life Sciences,Genetics
Life Sciences,Neuroscience
Life Sciences,Ecology
Physical Sciences,Physics
Physical Sciences,Chemistry
Physical Sciences,Astronomy
Physical Sciences,Materials Science
Social Sciences,Psychology
Social Sciences,Sociology
Social Sciences,Economics
Social Sciences,Political Science
Humanities,History
Humanities,Philosophy
Humanities,Literature
Humanities,Linguistics
Humanities,Arts
Engineering & Technology,Electrical Engineering
Engineering & Technology,Mechanical Engineering
Engineering & Technology,Civil Engineering
Engineering & Technology,Chemical Engineering
Computer & Information Sciences,Artificial Intelligence
Computer & Information Sciences,Data Science
Computer & Information Sciences,Cybersecurity
Computer & Information Sciences,Human-Computer Interaction
Mathematics & Statistics,Pure Mathematics
Mathematics & Statistics,Applied Mathematics
Mathematics & Statistics,Statistics
Mathematics & Statistics,Computational Mathematics
Health & Medical Sciences,Clinical Medicine
Health & Medical Sciences,Public Health
Health & Medical Sciences,Pharmacology
Health & Medical Sciences,Nursing Science
Environmental Sciences,Climate Science
Environmental Sciences,Ecology & Conservation
Environmental Sciences,Oceanography
Environmental Sciences,Environmental Chemistry
Business & Economics,Finance
Business & Economics,Management
Business & Economics,Marketing
Business & Economics,Accounting
Agricultural Sciences,Agronomy
Agricultural Sciences,Animal Science
Agricultural Sciences,Soil Science
Agricultural Sciences,Food Science & Technology
Education,Curriculum & Instruction
Education,Educational Psychology
Education,Higher Education
Education,Special Education