id,content
guidelines,"Guidelines for Effective Scientific Writing

Simplify Complex Sentences: Use clear, simple language. Break down long sentences to ensure ideas are easily digestible.
What to avoid: ""Adoptive cell transfer, immunotherapy is based on the ex vivo selection of tumor-reactive lymphocytes, and their activation and numerical expression before reinfusion to the autologous tumor-bearing host.""

Prioritize Clarity: Write with the intent to communicate ideas clearly. Avoid technical jargon or complicated terms that might obscure the main points.
What to avoid: ""These findings imply that the rates of ascorbate radical production and its recycling via dehydroascorbate reductase are equivalent at lower irradiance, but exceed at higher irradiance.""

Use Active Voice: Prefer active voice to make sentences direct and engaging.
What to avoid: ""It has been shown that..."" Use: ""We show that...""


Choose Strong, Action-Oriented Verbs: Avoid nominalizations. Convert nouns into verbs to make the text lively and readable.
What to avoid: ""The activation of the cells led to..."" Use: ""The cells activated and led to...""


Be Concise: Eliminate unnecessary words. Focus on essential information.
What to avoid: Lengthy phrases and redundant language.


Minimize Vagueness and Complexity: Use precise language and provide definitions when necessary. Avoid undefined acronyms and vague terms.
What to avoid: ""Physiologic microRNA activity."" Be specific and clear.


Keep Subjects and Verbs Close: Structure sentences so the main verb follows the subject promptly to maintain clarity.
What to avoid: ""A major influence on the results, after considering all variables, was found to be the environment.""


Limit the Use of ""To Be"" Verbs: Use more dynamic verbs to make sentences stronger.
What to avoid: ""The data are indicative of..."" Use: ""The data indicate...""


Avoid Filler Phrases: Eliminate introductory phrases like ""It is well known that..."" Get straight to the point.
What to avoid: Unnecessary preambles that add no value.


Limit Jargon and Acronyms: Use terms that are understandable to a broader audience. Only use acronyms when they are standard and widely known in the field.


Avoid Redundant Adverbs and Adjectives: Keep sentences focused by using only essential descriptors.
What to avoid: ""Extremely significant results."" Use: ""Significant results.""


Use Positive Constructions: When possible, phrase sentences positively for clearer communication.
What to avoid: ""Not uncommon"" becomes ""common.""


Streamline Sentence Starters: Avoid constructions like ""There is"" or ""There are"" that add unnecessary length.
What to avoid: ""There are many ways we can analyze..."" Use: ""We can analyze...""


Omit Unneeded Prepositions: Review your sentences to ensure prepositions add value.
What to avoid: ""The meeting occurred on Monday."" Use: ""The meeting occurred Monday.""


Clarify Significance: Avoid using vague terms like ""important"" without explanation. Specify why something matters."
cluterguidelines,"Guidelines for Cutting Clutter in Scientific Writing
1. Simplify Sentence Structure: Strip every sentence to its essential components, eliminating redundant words, converting nouns back to their spunky verb forms, and removing verbose phrases that add no meaningful content.

2. Avoid Vague and Amorphous Phrases: Phrases that are vague or overly broad obscure the meaning and do not add valuable information. Replace vague phrases with precise and concrete language that enhances understanding.

3. Reduce Redundancy: Identify and eliminate repetitive words or phrases. If synonyms are used to avoid repetition of the same word, consider if both are needed. Often, one descriptive word suffices.

4. Minimize Use of Passive Voice: Convert passive constructions to active voice to clarify who is doing what, making sentences stronger and more direct.

5. Limit Jargon and Acronyms: Use language that can be understood by a broader audience. Avoid acronyms unless they are universally known in the field.

6. Eliminate Unnecessary Adverbs and Adjectives: Scrutinize adverbs and adjectives to determine if they truly enhance the sentence. Often, their removal strengthens the statement.

7. Streamline Introductions and Conclusions: Remove ""throat-clearing"" phrases and get straight to the point. Use references and citations to support statements that something is well-known or established.

8. Be Concise with Technical Descriptions: Condense technical descriptions without losing necessary detail. Focus on what is essential for the reader to understand the research implications.

9. Eliminate Negatives: Whenever possible, rephrase negatives into positives to clarify the message and simplify the sentence structure. For example: Change She was not often right to She was usually wrong. Instead of Did not remember, use Forgot.

10. Reduce Superfluous Uses of There are and There is: Remove there are and there is where they do not add value to the sentence. Rearrange the sentence if necessary to maintain clarity and directness. For example:

Change ""There are many ways in which we can arrange the pulleys"" to ""We can arrange the pulleys in many ways"".

Instead of ""There was a long line of bacteria on the plate"", say ""Bacteria lined the plate"".

11. Omit Needless Prepositions: Review sentences for unnecessary prepositions and remove them if they do not contribute to the sentence's meaning. For example:

Instead of The meeting happened on Monday, simply say The meeting happened Monday.

Change ""They agreed that it was true"" to ""They agreed it was true"".

**EXAMPLES OF EDITING GOOD PRACTICE**

1. Example 1:

Initial Sentence:""Anti-inflammatory drugs may be protective for the occurrence of Alzheimer's disease.""

Edit: ""Anti-inflammatory drugs may protect against Alzheimer's disease.""

Rationale: Removed ""the occurrence of"" to streamline the statement.

1. Example 2: 

Initial Sentence: ""Clinical seizures have been estimated to occur in 0.5% to 2.3% of the neonatal population.""

Edit: ""Clinical seizures occur in 0.5% to 2.3% of newborns.""

Rationale: Simplified ""neonatal population"" to ""newborns"" and removed ""have been estimated to"" because the statistical range implies estimation.

1. Example 3: 

Initial Sentence: ""Ultimately p53 guards not only against malignant transformation but also plays a role in developmental processes as diverse as aging, differentiation, and fertility.""

Edit: ""Besides preventing cancer, p53 also plays roles in aging, differentiation, and fertility.""

Rationale: Streamlined by replacing ""guards against malignant transformation"" with ""preventing cancer"" and removing redundant description of developmental processes.

4. Example 4:

Initial Sentence: ""Injuries to the brain and spinal cord have long been known to be among the most devastating and expensive of all injuries to treat medically.""

Edit: ""Injuries to the brain and spinal cord are among the most devastating and expensive.""

Rationale: Removed ""have long been known to be"" and ""of all injuries to treat medically"" as these do not add significant information.

5. Example 5:

Initial Sentence: ""An IQ test measures an individual's abilities to perform functions that usually fall in the domains of verbal communication, reasoning, and performance on tasks that represent motor and spatial capabilities.""

Edit: ""An IQ test measures an individual's verbal, reasoning, or motor and spatial capabilities.""

Rationale: Eliminated verbose explanation of what the IQ test measures, focusing directly on the key capabilities.

6. Example 6:

Initial Sentence: ""As we can see from Figure two, if the return kinetic energy is less than 3.2 U_p, there will be two electron trajectories associated with this kinetic energy.""

Edit: ""Figure two shows that a return kinetic energy less than 3.2 U_p yields two electron trajectories.""

Rationale: Removed conversational clutter and simplified the expression by directly stating what Figure two shows.

7. Example 7:

Strong Verbs and Active Voice:

Original: ""The fear expressed by some teachers that students would not learn statistics well if they were permitted to use canned computer programs has not been realized in our experience.""

Edited: ""Many teachers feared that using canned computer programs would hinder students' understanding of statistics; however, our experience has shown otherwise.""

Explanation: Converts a passive construction into an active one, replacing weak verbs and nouns (e.g., ""fear expressed"" to ""feared"") to enhance readability.

8. Example 8:

Removing VerbNoun Conversions:

Original: ""The monitoring of student achievements revealed no appreciable change in performance.""

Edited: ""Monitoring student achievements, we found no significant changes in performance.""

Explanation: Changes nouns back to verbs (""monitoring"" instead of ""the monitoring"") and removes vague language (""appreciable change"" to ""significant changes"").

9. Example 9:

Avoiding Long Subjects and Boring Verbs:

Original: ""Review of each center's progress in recruitment is important to ensure that the cost involved in maintaining each center's participation is worthwhile.""

Edited: ""We should review each center's recruitment progress to ensure costeffective participation.""

Explanation: Shortens the lengthy subject, replaces the passive ""is important"" with an imperative ""should,"" and specifies ""costeffective"" instead of ""worthwhile.""

10. Example 10:

Condensing and Clarifying Content:

Original: ""It should be emphasized that these proportions generally are not the result of significant increases in moderate and severe injuries, but in many instances reflect mildly injured persons not being seen at a hospital.""

Edited: ""These proportions likely reflect that mildly injured persons often avoid hospital visits, rather than a significant increase in severe injuries.""

Explanation: Eliminates hedging (""it should be emphasized that""), cuts unnecessary adverbs (""generally""), and converts negatives to positives.

11. Example 11:

Improving Sentence Flow:

Original: ""Important studies to examine the descriptive epidemiology of autism, including the prevalence and changes in the characteristics of the population over time, have begun.""

Edited: ""Studies have begun to describe the epidemiology of autism, including its changing prevalence and characteristics.""

Explanation: Moves the verb closer to the subject to avoid burying it, removes redundancy (""changes...over time""), and cuts fluff words (""important"").

12:  Example 12:

Conversion to Active Voice:

Passive: ""Increased promoter occupancy and transcriptional activation of p21 and other target genes were observed.""

Active: ""We observed increased promoter occupancy and transcriptional activation of p21 and other target genes.""

13: Example 13:

Turn Nouns into Active Verbs:

Passive: ""Recognition of protein one by protein two results in recruitment of protein three and repression of cell proliferation genes.""

Active: ""Protein one recognizes protein two, recruits protein three, and represses cell proliferation genes.""

14: Example 14:

Keep the Main Verb Close to the Subject:

Buried: ""One study of 930 adults with multiple sclerosis receiving care in managed care settings or a feeforservice setting found that only twothirds needing to contact a neurologist for an MSrelated problem had done so.""

Improved: ""One study found that, among 930 adults with multiple sclerosis in managed care or feeforservice settings, only twothirds who needed to contact a neurologist for an MSrelated problem had done so.""

**Grammar Instructions for Scientific Writing**
1. ""Data"" is a plural noun, not singular. Correct usage: ""The data are,"" ""The data show.""
2. Affect vs. Effect: 
""Affect"" (verb): to influence something.
""Effect"" (noun): the result or impact of an action.
Examples:
Correct: ""The drug did not affect her,"" ""The drug had no effect on her.""
Exceptions include:
""Affect"" as a noun (rare, mostly in psychology): refers to emotions.
""Effect"" as a verb: to cause something to happen (e.g., ""to effect a change"").
3. Compared To vs. Compared With
""Compared to"" is used to highlight similarities, often in metaphorical contexts.
""Compared with"" is used to emphasize differences, especially in scientific contexts.
Example: ""Brain tumors are rare compared with more common cancers like lung or breast cancer.""
4. That vs. Which
""That"" is used with restrictive clauses (essential to the sentence meaning and not set off by commas).
""Which"" is used with nonrestrictive clauses (nonessential and set off by commas).
Examples:
Correct: ""The vial that contained her RNA was lost."" (specifies which vial)
Correct: ""The vial, which contained her RNA, was lost."" (additional information about the vial)
5. Singular vs. Plural Agreement: Be consistent with singular and plural forms to avoid agreement errors.
6. Misuse of 'Important': Avoid vague terms like ""important"" without clarification of why something is deemed important.

**Organizing Paragraphs in Scientific Writing**

Instruction: View the paragraph as the ""basic unit"" of composition for your manuscript, each containing one main idea. Avoid overloading a paragraph with multiple ideas, which makes it hard to read and lacks focus.

1. Paragraph Structure:

Ensure each paragraph has one main idea to maintain clarity and focus.

Use paragraphs to delineate when shifting to a new idea.

2. Length and Style:

Keep paragraphs short, ideally up to 25 sentences, to enhance readability and provide visual relief (white space) for the reader.

Readers appreciate short paragraphs as they are easier to digest and less intimidating than large blocks of text.

3. Introduction of Main Ideas:

Introduce the main point or 'punchline' early in the paragraph, especially in scientific writing where traditional structure tends to bury the main point under supporting data.

4. Logical Flow and Argumentation:

Rely on sound logic to ensure paragraphs flow smoothly from one idea to the next, rather than using excessive transition words.

Employ an ""inverted pyramid"" style, starting with the most important point followed by supporting details, similar to journalistic writing.

5. Use of Transition Words:

Minimize the use of transition words, as overuse can indicate weak underlying logic and disrupt the natural flow of the text.

When necessary, simple words like ""but"" and ""and"" are often sufficient to guide the reader through changes in ideas or the addition of information.

6. Sentence Memory and Impact:

Place emphasis on crafting memorable first and last sentences within paragraphs, as these are most likely to be remembered by readers."
exclusion_words,"Embark, Nuances, Imperative, Beaconmes, Endeavor, Whimsical, Unleash, Elevated, Game-changer, Paramount, Plethora, Myriad, Trivial, Meticulously, Dazzle, Delve, Tapestry, Vibrant, Landscape, Realm, Embark, Vital, Moreover, Arguably, Dive into, It’s important to note, Important to consider, Based on the information provided, Remember that, Navigating the [landscape]/[complexities of], A testament to, As an AI language model, As of my last, In today's world, In the world of, In today's era, Unlock, unleash, unveil, unravel, uncover, it is essential, it's important to, embark on a journey, pave the way, in conclusion, in summary, ultimately, furthermore, additionally, bustling, hustle, bustle, testament, firstly, crucial, to consider, essential, It is important to consider, there are a few considerations, Ensure, It's essential to, Vital, Specifically, Importantly, Essentially, Arguably, Out of the box, As previously mentioned, Promptly, Labyrinthine, Game changer, Symphony, Labyrinth, Whispering, Sounds unheard, Sights unseen, Crucible, Reverberate, To elaborate, For instance, As previously described, It’s worth noting that, In conclusion, To summarize, In light of the above, Specifically, Ultimately, To put it simply, In terms of, Pesky, Enlightening, Embodies, intricate, Grandeur, beacon of hope, stand as a testament, Dive, indulge, more than just, not just, world of, daunting, more than just, stand out, pave the way"